agency_id,route_id,route_name
DIMTS,142,828AUP
DIMTS,10001,971DOWN
DIMTS,362,961DOWN
DIMTS,274,819DOWN
DIMTS,10386,824STLDOWN2
DIMTS,233,919UP
DIMTS,10387,770ASTLDOWN2
DIMTS,118,817NSTLDOWN
DIMTS,10388,73ADOWN
DIMTS,67,112STLUP
DIMTS,1627,172AUP
DIMTS,1047,113STLUP
DIMTS,10389,123DWN
DIMTS,10390,991ASTLUP
DIMTS,1815,129DOWN
DIMTS,10391,879ADOWN
DIMTS,10392,260PMSLSTLUP
DIMTS,1030,939STLDOWN
DIMTS,1371,835LSTLUP
DIMTS,295,413UP
DIMTS,613,456UP
DIMTS,8,847AUP
DIMTS,1086,712UP
DIMTS,1099,511ASTLUP
DIMTS,189,174STLDOWN
DIMTS,1419,174BSTLUP
DIMTS,1365,961UP
DIMTS,10393,136LNKSTLUP2
DIMTS,10394,794ADOWN2
DIMTS,1957,905STLUP
DIMTS,1280,913DOWN
DIMTS,2033,859AUP
DIMTS,1140,719AUP
DIMTS,10395,534EDOWN
DIMTS,139,148AUP
DIMTS,141,356LNKSTLUP
DIMTS,1039,773UP
DIMTS,2045,106DOWN
DIMTS,202,858UP
DIMTS,501,AIR-05STLUP
DIMTS,883,753DOWN
DIMTS,10004,425DOWN
DIMTS,10396,717DOWN2
DIMTS,1076,270DOWN
DIMTS,10397,863UP2
DIMTS,616,260DOWN
DIMTS,702,743LSTLUP
DIMTS,10398,136LNKSTLDWN2
DIMTS,858,876+790DOWN
DIMTS,812,847ADOWN
DIMTS,10399,943DWN
DIMTS,2093,119LSTLUP
DIMTS,672,433LSTLUP
DIMTS,1735,207UP
DIMTS,10006,GL-91STLUP
DIMTS,10400,CBD1+UP
DIMTS,10401,102ASTLDOWN
DIMTS,1386,784STLUP
DIMTS,1837,836DOWN
DIMTS,10402,729EDOWN2
DIMTS,1741,826DOWN
DIMTS,1300,143UP
DIMTS,474,106UP
DIMTS,1523,806STLDOWN
DIMTS,10403,215STLDOWN2
DIMTS,10404,833STLUP
DIMTS,1473,978UP
DIMTS,213,844DOWN
DIMTS,1678,391STLUP
DIMTS,960,763ADOWN
DIMTS,18,144AUP
DIMTS,1209,340STLDOWN
DIMTS,1907,721DOWN
DIMTS,1699,174DOWN
DIMTS,10405,237ADOWN
DIMTS,407,433LINKSTLDOWN
DIMTS,799,717DOWN
DIMTS,1478,193AUP
DIMTS,517,822UP
DIMTS,2150,806STLUP
DIMTS,573,33LNKSTLUP
DIMTS,1147,872DOWN
DIMTS,10007,DW-5DOWN
DIMTS,10406,715STLUP2
DIMTS,1308,810DOWN
DIMTS,920,978DOWN
DIMTS,2007,729BUP
DIMTS,687,578ADOWN
DIMTS,1512,336AUP
DIMTS,1846,141UP
DIMTS,2101,850LTDUP
DIMTS,1153,104UP
DIMTS,717,413DOWN
DIMTS,1964,792STLDOWN
DIMTS,10011,S-1UP
DIMTS,2103,972EXTUP
DIMTS,49,120DOWN
DIMTS,1516,205UP
DIMTS,2083,956STLDOWN
DIMTS,10407,775LINKSTLUP
DIMTS,498,85EXTDOWN
DIMTS,1966,CBD2(-)DOWN
DIMTS,1252,107STLDOWN
DIMTS,807,781DOWN
DIMTS,10408,ML06STLUP
DIMTS,1050,883UP
DIMTS,10409,992ASTLDOWN
DIMTS,10014,S-1STLDOWN
DIMTS,534,221UP
DIMTS,1250,578LSTLUP
DIMTS,1375,926UP
DIMTS,652,165UP
DIMTS,499,120UP
DIMTS,796,978STLUP
DIMTS,1341,886DOWN
DIMTS,1245,340STLUP
DIMTS,1993,818BUP
DIMTS,2139,158UP
DIMTS,10015,544DOWN
DIMTS,10410,102LSTLDOWN
DIMTS,10016,DW-3STLDOWN
DIMTS,956,274ADOWN
DIMTS,10411,972ASTLUP2
DIMTS,10017,DW-3STLUP
DIMTS,55,507CLUP
DIMTS,441,469UP
DIMTS,10412,149BDOWN
DIMTS,560,208LNKSTLDOWN
DIMTS,10018,957DOWN
DIMTS,1457,172LSTLDOWN
DIMTS,10019,47ADOWN
DIMTS,900,806UP
DIMTS,10413,819STLUP2
DIMTS,1018,161UP
DIMTS,1319,825STLDOWN
DIMTS,10021,DW-4DOWN
DIMTS,10414,260PMSLSTLDOWN
DIMTS,1460,260UP
DIMTS,1983,953STLDOWN
DIMTS,1518,143DOWN
DIMTS,1249,887UP
DIMTS,1379,153DOWN
DIMTS,10415,169STLDWN3
DIMTS,316,826LINKSTLUP
DIMTS,408,776STLUP
DIMTS,10023,S-1DOWN
DIMTS,720,706DOWN
DIMTS,1241,981STLUP
DIMTS,10024,460DOWN
DIMTS,134,751UP
DIMTS,254,380UP
DIMTS,1933,518DOWN
DIMTS,10416,828STLDOWN2
DIMTS,1214,729UP
DIMTS,2050,847UP
DIMTS,808,412DOWN
DIMTS,10417,ML06UP
DIMTS,10025,490UP
DIMTS,1872,129STLDOWN
DIMTS,425,703ADOWN
DIMTS,10418,215STLUP2
DIMTS,1042,774DOWN
DIMTS,10419,885EDOWN
DIMTS,1596,764DOWN
DIMTS,1972,623EXTDOWN
DIMTS,1511,340UP
DIMTS,30,131DOWN
DIMTS,133,801DOWN
DIMTS,949,979DOWN
DIMTS,571,790+825UP
DIMTS,1356,188DOWN
DIMTS,605,218UP
DIMTS,1758,215STLDOWN
DIMTS,539,966ADOWN
DIMTS,1693,790ADOWN
DIMTS,1575,540STLDOWN
DIMTS,10026,522AUP
DIMTS,1490,172STLUP
DIMTS,1185,801LSTLDOWN
DIMTS,2066,173STLUP
DIMTS,1979,826UP
DIMTS,1487,729DOWN
DIMTS,10420,844STLDOWN2
DIMTS,2044,818ADOWN
DIMTS,1700,824STLUP
DIMTS,10421,972ASTLDWN2
DIMTS,574,934DOWN
DIMTS,1409,825STLUP
DIMTS,231,790DOWN
DIMTS,1644,780DOWN
DIMTS,4,978STLDOWN
DIMTS,1922,883EXTUP
DIMTS,10028,511UP
DIMTS,10422,824LNKSTLDOWN2
DIMTS,10029,569UP
DIMTS,1115,816BUP
DIMTS,1486,943UP
DIMTS,1,102STLDOWN
DIMTS,2132,946DOWN
DIMTS,340,792STLUP
DIMTS,1072,956DOWN
DIMTS,1917,623DOWN
DIMTS,382,567STLUP
DIMTS,1318,887DOWN
DIMTS,151,236EUP
DIMTS,238,359UP
DIMTS,296,310DOWN
DIMTS,604,129LSTLDOWN
DIMTS,476,926AUP
DIMTS,982,171STLDOWN
DIMTS,1269,147UP
DIMTS,2125,102UP
DIMTS,2012,859STLUP
DIMTS,10423,(+)OUTERMUDRIKA
DIMTS,10032,605DOWN
DIMTS,159,128DOWN
DIMTS,1854,260STLUP
DIMTS,10424,990STLDOWN2
DIMTS,1183,113STLDOWN
DIMTS,10034,433UP
DIMTS,1908,227ASTLUP
DIMTS,10425,205LINKSTLDOWN
DIMTS,1603,819UP
DIMTS,10426,905STLDWN
DIMTS,10427,218LSTLUP
DIMTS,479,73DOWN
DIMTS,10428,MC715DOWN
DIMTS,1621,824UP
DIMTS,2102,949AUP
DIMTS,10429,MC127STLUP
DIMTS,10036,RL-77BDOWN
DIMTS,10430,717CUP3
DIMTS,10431,990STLUP2
DIMTS,10432,801LINKSTLDOWN
DIMTS,1251,981UP
DIMTS,10433,103EDOWN
DIMTS,6,790AUP2
DIMTS,478,147STLUP
DIMTS,10434,794LSTLDOWN
DIMTS,632,919STLUP
DIMTS,2018,469DOWN
DIMTS,684,113AUP
DIMTS,10037,511DOWN
DIMTS,1418,412STLUP
DIMTS,10435,214ADOWN
DIMTS,1707,354DOWN
DIMTS,1303,307UP
DIMTS,1795,717AUP
DIMTS,10038,845UP
DIMTS,10436,172EUP
DIMTS,10437,131AUP2
DIMTS,10438,310STLDOWN
DIMTS,10439,Â 702DOWN
DIMTS,1697,836EUP
DIMTS,10440,764AUP2
DIMTS,10441,717CUP2
DIMTS,464,752DOWN
DIMTS,1948,107DOWN
DIMTS,92,261DOWN
DIMTS,10442,824LNKSTLUP2
DIMTS,1226,861AUP
DIMTS,1804,434DOWN
DIMTS,10443,844STLUP2
DIMTS,1756,473CLDOWN
DIMTS,10444,ML96DOWN
DIMTS,1425,456DOWN
DIMTS,1791,144ADOWN
DIMTS,731,227UP
DIMTS,1304,998UP
DIMTS,1658,213DOWN
DIMTS,579,165DOWN
DIMTS,473,175DOWN
DIMTS,1622,126UP
DIMTS,10445,863AUP2
DIMTS,10039,845DOWN
DIMTS,240,878UP
DIMTS,10040,OMS(-)
DIMTS,31,834STLDOWN
DIMTS,1893,753UP
DIMTS,10446,103EUP
DIMTS,1008,944LSTLDOWN
DIMTS,456,926STLUP
DIMTS,10447,989ADOWN
DIMTS,10448,CBD1-DOWN
DIMTS,993,885UP
DIMTS,995,137AUP
DIMTS,527,133DOWN
DIMTS,281,946UP
DIMTS,528,628UP
DIMTS,1081,776DOWN
DIMTS,1489,311ADOWN
DIMTS,10449,RL-77EXTSTLDOWN
DIMTS,449,578DOWN
DIMTS,667,568DOWN
DIMTS,10041,921EXTUP
DIMTS,68,119LNKSTLUP
DIMTS,676,434UP
DIMTS,10450,972BSTLDOWN
DIMTS,10451,833STLDOWN
DIMTS,809,871DOWN
DIMTS,738,317STLDOWN
DIMTS,612,708UP
DIMTS,10452,588LSTLUP
DIMTS,10453,191DWN
DIMTS,338,237DOWN
DIMTS,619,227DOWN
DIMTS,1117,239UP
DIMTS,248,102STLUP
DIMTS,10454,214AUP
DIMTS,525,281UP
DIMTS,148,141DOWN
DIMTS,10045,954DOWN
DIMTS,1541,822STLUP
DIMTS,1062,944DOWN
DIMTS,10455,724BUP3
DIMTS,10456,MC715STLDOWN
DIMTS,242,148ADOWN
DIMTS,10457,172BUP
DIMTS,10046,RL-79UP
DIMTS,10458,567BUP2
DIMTS,10459,CENTRALSECRETARIAT-PMS
DIMTS,2122,175STLUP
DIMTS,727,588UP
DIMTS,1892,174STLUP
DIMTS,1484,817EXTUP
DIMTS,1616,205LINKSTLUP
DIMTS,719,817NUP
DIMTS,811,885DOWN
DIMTS,66,227ADOWN
DIMTS,899,CUP 770.00
DIMTS,10049,S-1STLUP
DIMTS,10460,721BDOWN
DIMTS,10461,817LNSKDOWN
DIMTS,1239,801LSTLUP
DIMTS,375,258UP
DIMTS,518,953LSTLUP
DIMTS,896,73UP
DIMTS,760,370DOWN
DIMTS,1591,218DOWN
DIMTS,1931,962UP
DIMTS,1482,141STLDOWN
DIMTS,10462,992DWN
DIMTS,1336,AIR-05STLDOWN
DIMTS,10463,991STLDOWN
DIMTS,1118,711UP
DIMTS,10464,172ESTLUP
DIMTS,1044,885STLDOWN
DIMTS,166,792DOWN
DIMTS,932,114STLDOWN
DIMTS,1654,193ADOWN
DIMTS,323,378UP
DIMTS,1088,926DOWN
DIMTS,423,123UP
DIMTS,2039,378STLDOWN
DIMTS,422,878DOWN
DIMTS,487,85AEXTUP
DIMTS,428,901CLDOWN
DIMTS,2097,956STLUP
DIMTS,436,267UP
DIMTS,10465,990BUP
DIMTS,1315,109STLUP
DIMTS,10466,568ADOWN
DIMTS,10467,356STLDOWN2
DIMTS,10468,540CLUP
DIMTS,1985,412UP
DIMTS,991,838UP
DIMTS,626,148DOWN
DIMTS,311,628LSTLUP
DIMTS,10469,938BDOWN
DIMTS,10470,819STLDOWN2
DIMTS,1090,158DOWN
DIMTS,10471,567ADOWN2
DIMTS,10472,MC127STLDOWN
DIMTS,10473,131STLDOWN2
DIMTS,10474,Â CENTRALSECRETARIATCIRCULARSERVICE
DIMTS,712,419DOWN
DIMTS,347,885STLUP
DIMTS,522,334DOWN
DIMTS,1244,174LSTLDOWN
DIMTS,1859,522CLUP
DIMTS,548,511ASTLDOWN
DIMTS,10475,717CDOWN3
DIMTS,10476,307LNKSTLUP
DIMTS,10477,281ADOWN
DIMTS,19,770AUP
DIMTS,10478,141STLDOWN2
DIMTS,1211,193DOWN
DIMTS,889,818AUP
DIMTS,875,972DOWN
DIMTS,1550,918UP
DIMTS,1580,923ADOWN
DIMTS,10479,191STLDWN2
DIMTS,1429,962DOWN
DIMTS,585,817NDOWN
DIMTS,1801,722DOWN
DIMTS,10480,AIR-08STLDOWN
DIMTS,10481,172EDOWN
DIMTS,10482,949STLDOWN2
DIMTS,10483,764ADOWN2
DIMTS,2021,137STLUP
DIMTS,10484,729EUP2
DIMTS,1672,270STLDOWN
DIMTS,1321,236BDOWN
DIMTS,2069,109AUP
DIMTS,332,AIRPORTEXP08DOWN
DIMTS,10485,717CDOWN2
DIMTS,26,353STLDOWN
DIMTS,285,85DOWN
DIMTS,222,258STLUP
DIMTS,427,979UP
DIMTS,10486,AIR-08DOWN
DIMTS,10487,Â 717UP2
DIMTS,1635,847DOWN
DIMTS,603,835DOWN
DIMTS,627,85EXTUP
DIMTS,2015,825DOWN
DIMTS,787,822STLDOWN
DIMTS,10488,AIR-08UP
DIMTS,757,205LNKSTLDOWN
DIMTS,14,136LSTLDOWN
DIMTS,138,107UP
DIMTS,10489,901STLDOWN
DIMTS,120,944UP
DIMTS,978,318STLUP
DIMTS,59,236BUP
DIMTS,10490,523STLUP
DIMTS,10491,356STLDOWN3
DIMTS,1563,745STLUP
DIMTS,41,772UP
DIMTS,1281,859UP
DIMTS,46,507CLDOWN
DIMTS,10492,954STLDOWN
DIMTS,10493,972EXTDWN
DIMTS,10494,921AEXTDOWN
DIMTS,2004,886ADOWN
DIMTS,2061,740DOWN
DIMTS,1180,790STLDOWN
DIMTS,10495,887ADOWN
DIMTS,646,628DOWN
DIMTS,2036,AIRPORTEXP08UP
DIMTS,1469,980UP
DIMTS,10057,DW-4STLDOWN
DIMTS,345,114STLUP
DIMTS,1401,764MVSTLDOWN
DIMTS,10496,783AUP2
DIMTS,1109,149DOWN
DIMTS,10497,838ADOWN2
DIMTS,10498,879AUP
DIMTS,455,859STLDOWN
DIMTS,10060,879DOWN
DIMTS,1067,979AUP
DIMTS,780,825UP
DIMTS,10499,522BUP
DIMTS,287,776STLDOWN
DIMTS,10062,GL-91STLDOWN
DIMTS,10500,ML96STLDOWN
DIMTS,10501,MC137UP
DIMTS,547,776UP
DIMTS,1085,891STLDOWN
DIMTS,980,137STLDOWN
DIMTS,511,33LINKSTLDOWN
DIMTS,1002,161ADOWN
DIMTS,45,119LNKSTLDOWN
DIMTS,10502,991STLUP
DIMTS,10503,214LSTLUP
DIMTS,590,103UP
DIMTS,756,940UP
DIMTS,1961,703AUP
DIMTS,10504,991ASTLDOWN
DIMTS,10063,879UP
DIMTS,10505,Â 717STLDOWN2
DIMTS,804,817NEXTUP
DIMTS,2136,835LSTLDOWN
DIMTS,928,752UP
DIMTS,1836,717UP
DIMTS,10506,RL-75STLUP
DIMTS,1172,817NEXTDOWN
DIMTS,324,AIRPORTEXP08STLUP
DIMTS,10507,979LNKSTLDOWN
DIMTS,10508,938BSTLUP
DIMTS,939,114ASTLDOWN
DIMTS,1853,949ADOWN
DIMTS,831,872STLDOWN
DIMTS,431,378DOWN
DIMTS,10509,218LSTLDOWN
DIMTS,1463,434STLDOWN
DIMTS,1551,427DOWN
DIMTS,1706,751DOWN
DIMTS,47,104DOWN
DIMTS,10510,473EDOWN
DIMTS,294,114DOWN
DIMTS,1326,792UP
DIMTS,1288,114ASTLUP
DIMTS,170,824DOWN
DIMTS,788,834STLUP
DIMTS,866,356LNKSTLDOWN
DIMTS,10066,OMS(+)
DIMTS,1433,834DOWN
DIMTS,696,801UP
DIMTS,10511,901ADOWN
DIMTS,432,836ESTLUP
DIMTS,795,844UP
DIMTS,10067,GL-23UP
DIMTS,10512,863ADOWN2
DIMTS,549,708STLDOWN
DIMTS,1824,534UP
DIMTS,1718,719STLDOWN
DIMTS,1216,774BUP
DIMTS,1310,801STLUP
DIMTS,25,790BDOWN
DIMTS,839,185LSTLDOWN
DIMTS,236,578CDOWN
DIMTS,10513,MC137DOWN2
DIMTS,893,728EDOWN
DIMTS,10514,794LSTLUP
DIMTS,10515,116ADWN
DIMTS,251,990CLUP
DIMTS,1774,156STLUP
DIMTS,469,886AUP
DIMTS,2072,412STLDOWN
DIMTS,1003,254DOWN
DIMTS,10070,569DOWN
DIMTS,1257,790UP
DIMTS,10516,781UP2
DIMTS,959,817NSTLUP
DIMTS,234,886UP
DIMTS,443,236DOWN
DIMTS,10517,794STLUP2
DIMTS,1839,940STLDOWN
DIMTS,1406,270STLUP
DIMTS,367,715UP
DIMTS,29,849STLUP
DIMTS,220,715DOWN
DIMTS,437,784STLDOWN
DIMTS,2127,918DOWN
DIMTS,10074,908DOWN
DIMTS,1926,836STLDOWN
DIMTS,262,801STLDOWN
DIMTS,806,966UP
DIMTS,2031,923UP
DIMTS,10518,724BDOWN3
DIMTS,10519,ML06STLDOWN
DIMTS,1171,378STLUP
DIMTS,1492,719ADOWN
DIMTS,10520,219LSTLUP
DIMTS,149,940STLUP
DIMTS,693,261UP
DIMTS,855,144STLDOWN
DIMTS,1572,173STLDOWN
DIMTS,840,774UP
DIMTS,1850,546DOWN
DIMTS,1731,753STLUP
DIMTS,10521,938BUP
DIMTS,10522,775LINKSTLDOWN
DIMTS,215,207STLUP
DIMTS,420,433LINKSTLUP
DIMTS,10523,534EUP
DIMTS,584,568UP
DIMTS,864,578LSTLDOWN
DIMTS,10524,850BDOWN
DIMTS,2016,942UP
DIMTS,1444,144UP
DIMTS,677,876STLUP
DIMTS,845,817EXTDOWN
DIMTS,1144,179UP
DIMTS,10077,DW-2LSTLDOWN
DIMTS,10525,957BUP
DIMTS,10526,AIR-08STLUP
DIMTS,1247,783DOWN
DIMTS,789,320UP
DIMTS,1070,182ACLDOWN
DIMTS,1157,205LNKSTLUP
DIMTS,10527,917LSTLUP
DIMTS,10528,169STLUP3
DIMTS,623,261LNKSTLDOWN
DIMTS,10079,RL-79DOWN
DIMTS,72,120STLUP
DIMTS,10080,448UP
DIMTS,1159,818BDOWN
DIMTS,1891,534DOWN
DIMTS,10529,721BUP
DIMTS,10081,DW-4STLUP
DIMTS,1532,774BDOWN
DIMTS,486,CBD2(+)UP
DIMTS,711,175UP
DIMTS,1285,891DOWN
DIMTS,10082,130UP
DIMTS,265,128STLDOWN
DIMTS,260,108DOWN
DIMTS,1036,188UP
DIMTS,869,274UP
DIMTS,10530,784AUP
DIMTS,10531,523STLDOWN
DIMTS,1346,893UP
DIMTS,876,953STLUP
DIMTS,10532,878STLUP2
DIMTS,674,628STLDOWN
DIMTS,10533,182EUP
DIMTS,985,745UP
DIMTS,10534,214STLDOWN
DIMTS,1179,828DOWN
DIMTS,105,940DOWN
DIMTS,733,838DOWN
DIMTS,561,778UP
DIMTS,1534,926ADOWN
DIMTS,10535,972BSTLUP
DIMTS,10536,962ASTLDOWN
DIMTS,615,816UP
DIMTS,10085,DW-1UP
DIMTS,570,588DOWN
DIMTS,1412,824STLDOWN
DIMTS,10537,807BUP
DIMTS,2114,354UP
DIMTS,1691,205LSTLUP
DIMTS,164,944LSTLUP
DIMTS,665,144STLUP
DIMTS,225,148UP
DIMTS,366,370UP
DIMTS,10538,CUP 901.00
DIMTS,758,817DOWN
DIMTS,1667,708STLUP
DIMTS,1116,859LSTLUP
DIMTS,380,390DOWN
DIMTS,681,801LNKSTLUP
DIMTS,364,380DOWN
DIMTS,1877,719UP
DIMTS,10088,GL-23DOWN
DIMTS,1840,859ADOWN
DIMTS,10539,990BDOWN
DIMTS,440,129UP
DIMTS,503,772DOWN
DIMTS,1357,156STLDOWN
DIMTS,1790,161STLDOWN
DIMTS,1206,137DOWN
DIMTS,333,191UP
DIMTS,10540,929EDOWN
DIMTS,1665,505UP
DIMTS,759,215UP
DIMTS,581,578AUP
DIMTS,1897,114BDOWN
DIMTS,259,215STLUP
DIMTS,421,741STLUP
DIMTS,315,405AUP
DIMTS,10089,957UP
DIMTS,292,114UP
DIMTS,2151,88ADOWN
DIMTS,1411,724UP
DIMTS,520,761UP
DIMTS,10541,237AUP
DIMTS,10542,MC341DOWN
DIMTS,1547,433LSTLDOWN
DIMTS,10091,425UP
DIMTS,1604,182ACLUP
DIMTS,10092,460UP
DIMTS,10543,136LNKSTLDOWN
DIMTS,211,543ALSTLUP
DIMTS,10544,MC715STLUP
DIMTS,1264,153UP
DIMTS,10094,116UP
DIMTS,1156,740EXTUP
DIMTS,10545,949STLUP2
DIMTS,1256,217UP
DIMTS,10546,962ASTLUP
DIMTS,110,706AUP
DIMTS,168,427UP
DIMTS,413,990ECLUP
DIMTS,2001,819STLUP
DIMTS,1203,962LSTLDOWN
DIMTS,892,825+790DOWN
DIMTS,1057,205DOWN
DIMTS,844,763UP
DIMTS,401,173DOWN
DIMTS,1136,172ADOWN
DIMTS,1151,990CLDOWN
DIMTS,10098,RL-75DOWN
DIMTS,10547,522BDOWN2
DIMTS,10548,998ASTLUP2
DIMTS,10549,169DWN
DIMTS,1174,147STLDOWN
DIMTS,10550,901AUP
DIMTS,784,219STLDOWN
DIMTS,394,801AUP
DIMTS,877,267DOWN
DIMTS,1459,790BUP
DIMTS,1940,107STLUP
DIMTS,10551,102LSTLUP
DIMTS,10552,MC137UP2
DIMTS,1999,193UP
DIMTS,1461,112STLDOWN
DIMTS,917,792ADOWN
DIMTS,645,539BUP
DIMTS,1416,850STLUP
DIMTS,169,949DOWN
DIMTS,1929,753STLDOWN
DIMTS,10553,(-)OUTERMUDRIKA
DIMTS,1313,719DOWN
DIMTS,10554,172ESTLDOWN
DIMTS,10103,DW-3UP
DIMTS,1521,171STLUP
DIMTS,1970,317STLUP
DIMTS,1231,937AUP
DIMTS,686,943STLDOWN
DIMTS,1663,981ADOWN
DIMTS,39,511ADOWN
DIMTS,990,193STLDOWN
DIMTS,10555,998STLDOWN2
DIMTS,10556,567ASTLDOWN2
DIMTS,10557,717STLUP2
DIMTS,1946,790+876UP
DIMTS,150,775EUP
DIMTS,136,824LINKSTLDOWN
DIMTS,778,523UP
DIMTS,1965,790STLUP
DIMTS,741,567STLDOWN
DIMTS,187,966DOWN
DIMTS,2110,934UP
DIMTS,1084,161AUP
DIMTS,10104,971UP
DIMTS,217,978LTDUP
DIMTS,10558,130DWN
DIMTS,10559,ML06DOWN
DIMTS,1164,770CDOWN
DIMTS,1232,320DOWN
DIMTS,391,829UP
DIMTS,761,258DOWN
DIMTS,2070,702UP
DIMTS,905,102AUP
DIMTS,10560,838AUP2
DIMTS,1913,728LNKSTLDOWN
DIMTS,10561,891LSTLDOWN
DIMTS,737,344STLDOWN
DIMTS,290,891UP
DIMTS,10562,829STLDOWN2
DIMTS,10563,929EUP
DIMTS,1435,33LNKSTLDOWN
DIMTS,445,539DOWN
DIMTS,2140,727DOWN
DIMTS,1176,540CLDOWN
DIMTS,1841,175STLDOWN
DIMTS,1234,172DOWN
DIMTS,1796,153STLUP
DIMTS,10,993DOWN
DIMTS,10564,939LSTLDOWN
DIMTS,11,810UP
DIMTS,247,120STLDOWN
DIMTS,707,317UP
DIMTS,1000,783UP
DIMTS,10108,39DOWN
DIMTS,209,886STLDOWN
DIMTS,10565,116DWN
DIMTS,10566,879STLDOWN
DIMTS,10567,136AUP
DIMTS,1525,944STLUP
DIMTS,10568,281AUP
DIMTS,2121,790ADOWN2
DIMTS,10569,281STLDOWN
DIMTS,256,706UP
DIMTS,593,628STLUP
DIMTS,1497,173UP
DIMTS,506,136UP
DIMTS,10570,825STLUP2
DIMTS,10571,RL-79ADOWN
DIMTS,625,745DOWN
DIMTS,971,103LSTLDOWN
DIMTS,10109,433DOWN
DIMTS,2057,237UP
DIMTS,176,979ADOWN
DIMTS,10572,188STLUP
DIMTS,10573,917LSTLDOWN
DIMTS,1005,988UP
DIMTS,10574,546STLUP
DIMTS,50,722UP
DIMTS,638,RL-77UP
DIMTS,1865,740EXTDOWN
DIMTS,746,807ADOWN
DIMTS,10575,824LSTLDOWN2
DIMTS,1742,708DOWN
DIMTS,1391,405ADOWN
DIMTS,10112,RL-77BUP
DIMTS,1744,213UP
DIMTS,10576,ML96STLUP
DIMTS,10577,874ADOWN3
DIMTS,1674,112UP
DIMTS,775,336ADOWN
DIMTS,1590,112AUP
DIMTS,2068,628LSTLDOWN
DIMTS,2082,946STLDOWN
DIMTS,269,929UP
DIMTS,1010,546UP
DIMTS,10114,991UP
DIMTS,10578,919DWN
DIMTS,90,623EXTUP
DIMTS,10579,874AUP3
DIMTS,1770,174BSTLDOWN
DIMTS,526,836EDOWN
DIMTS,1652,872STLUP
DIMTS,793,871UP
DIMTS,1564,834UP
DIMTS,10580,784ADOWN
DIMTS,10115,544UP
DIMTS,562,993UP
DIMTS,1020,311AUP
DIMTS,1098,829DOWN
DIMTS,1675,125EXTUP
DIMTS,10116,GL-91ADOWN
DIMTS,1722,990ECLDOWN
DIMTS,10581,131STLUP2
DIMTS,819,890DOWN
DIMTS,1009,109DOWN
DIMTS,1657,836UP
DIMTS,1344,523AUP
DIMTS,286,717ADOWN
DIMTS,284,981AUP
DIMTS,668,307DOWN
DIMTS,1223,317DOWN
DIMTS,1569,836LNKSTLUP
DIMTS,10118,375DOWN
DIMTS,1427,307LSTLUP
DIMTS,10119,448DOWN
DIMTS,10120,GL-91UP
DIMTS,1407,165ADOWN
DIMTS,10121,RL-75UP
DIMTS,1238,88AUP
DIMTS,1043,850LTDDOWN
DIMTS,490,539ADOWN
DIMTS,2005,923DOWN
DIMTS,435,254UP
DIMTS,599,578EUP
DIMTS,1110,893AUP
DIMTS,1785,833ADOWN
DIMTS,10582,828STLUP2
DIMTS,10583,879STLUP
DIMTS,2074,741UP
DIMTS,1327,390UP
DIMTS,1949,405DOWN
DIMTS,1158,126DOWN
DIMTS,1789,405UP
DIMTS,861,112ADOWN
DIMTS,1225,113ADOWN
DIMTS,1448,136DOWN
DIMTS,1370,773DOWN
DIMTS,2052,763DOWN
DIMTS,1555,806DOWN
DIMTS,1142,518UP
DIMTS,1689,816DOWN
DIMTS,1188,270UP
DIMTS,2098,728ADOWN
DIMTS,1602,816BDOWN
DIMTS,10584,825STLDOWN2
DIMTS,1714,801LNKSTLDOWN
DIMTS,2059,171UP
DIMTS,155,391DOWN
DIMTS,635,227AUP
DIMTS,210,114BUP
DIMTS,1760,109UP
DIMTS,10585,850BUP
DIMTS,608,AIR-06UP
DIMTS,10586,957BDOWN
DIMTS,1506,258STLDOWN
DIMTS,2095,874DOWN
DIMTS,10122,DW-3DOWN
DIMTS,178,711DOWN
DIMTS,341,743LSTLDOWN
DIMTS,962,701DOWN
DIMTS,2091,114CDOWN
DIMTS,1630,144DOWN
DIMTS,10587,568AUP
DIMTS,2147,153STLDOWN
DIMTS,998,781UP
DIMTS,10588,215DWN
DIMTS,10589,104LSTLUP
DIMTS,841,232DOWN
DIMTS,10123,DW-4AUP
DIMTS,750,939STLUP
DIMTS,10124,DW-5UP
DIMTS,10590,131ADOWN2
DIMTS,160,85UP
DIMTS,951,822DOWN
DIMTS,10591,182EDOWN
DIMTS,714,937ADOWN
DIMTS,10592,878STLDOWN2
DIMTS,10593,116AUP
DIMTS,10594,567ASTLUP2
DIMTS,772,274DOWN
DIMTS,955,891STLUP
DIMTS,65,174LSTLUP
DIMTS,1798,724AUP
DIMTS,2149,874UP
DIMTS,10595,708DWN
DIMTS,10596,998STLUP2
DIMTS,10597,356STLUP2
DIMTS,1038,112DOWN
DIMTS,1329,102DOWN
DIMTS,10598,108AUP
DIMTS,705,236EDOWN
DIMTS,10126,991DOWN
DIMTS,598,728AUP
DIMTS,927,981DOWN
DIMTS,1901,725DOWN
DIMTS,10599,172BDOWN
DIMTS,10127,DW-4ADOWN
DIMTS,10600,934STLDOWN2
DIMTS,319,727UP
DIMTS,710,824LINKSTLUP
DIMTS,2026,919STLDOWN
DIMTS,461,540STLUP
DIMTS,10128,RL-77EXTUP
DIMTS,12,849UP
DIMTS,1807,940AUP
DIMTS,996,923AUP
DIMTS,10130,954UP
DIMTS,697,850DOWN
DIMTS,343,253UP
DIMTS,954,778DOWN
DIMTS,1017,893ADOWN
DIMTS,505,828UP
DIMTS,1272,703UP
DIMTS,10601,824LSTLUP2
DIMTS,1834,890UP
DIMTS,10602,73AUP
DIMTS,1263,763AUP
DIMTS,10603,724ADOWN2
DIMTS,10604,MC127DOWN
DIMTS,2087,232UP
DIMTS,1122,148STLDOWN
DIMTS,10605,MC137DOWN
DIMTS,10606,998ASTLDOWN2
DIMTS,243,133UP
DIMTS,661,801ADOWN
DIMTS,1600,194DOWN
DIMTS,10131,908UP
DIMTS,1710,917DOWN
DIMTS,10607,891LSTLUP
DIMTS,2117,719STLUP
DIMTS,10608,783ADOWN2
DIMTS,10609,356STLUP3
DIMTS,1501,940ADOWN
DIMTS,798,623UP
DIMTS,10610,AIR-06DWN
DIMTS,1720,AIRPORTEXP08STLDOWN
DIMTS,10611,979LNKSTLUP
DIMTS,1747,567UP
DIMTS,1739,836578LTDUP
DIMTS,10612,794STLDOWN2
DIMTS,512,239DOWN
DIMTS,885,807AUP
DIMTS,10613,992ASTLUP
DIMTS,1713,850UP
DIMTS,10614,141STLUP2
DIMTS,1340,836LNKSTLDOWN
DIMTS,1452,724ADOWN
DIMTS,834,981LNKSTLDOWN
DIMTS,2142,988DOWN
DIMTS,820,179DOWN
DIMTS,870,743BDOWN
DIMTS,10615,219LSTLDOWN
DIMTS,1655,998DOWN
DIMTS,206,103LSTLUP
DIMTS,10616,RL-79AUP
DIMTS,721,149UP
DIMTS,10617,921AEXTUP
DIMTS,2143,956LSTLDOWN
DIMTS,414,511AUP
DIMTS,767,817UP
DIMTS,744,849DOWN
DIMTS,850,859DOWN
DIMTS,1743,784UP
DIMTS,742,310UP
DIMTS,10618,RL-75ADOWN
DIMTS,10619,901STLUP
DIMTS,465,892UP
DIMTS,10620,ML96UP
DIMTS,1472,207STLDOWN
DIMTS,884,764MVLSTLUP
DIMTS,1646,701UP
DIMTS,381,131UP
DIMTS,1420,972UP
DIMTS,98,174UP
DIMTS,10141,DW-2LSTLUP
DIMTS,879,85AEXTDOWN
DIMTS,1106,772ASTLUP
DIMTS,1349,992STLUP
DIMTS,1475,892DOWN
DIMTS,10621,RL-75AUP
DIMTS,10143,DW-1DOWN
DIMTS,10622,989AUP
DIMTS,1128,185LSTLUP
DIMTS,10623,149BUP
DIMTS,229,725UP
DIMTS,730,128STLUP
DIMTS,10624,942ADOWN2
DIMTS,1752,129STLUP
DIMTS,10625,191STLUP2
DIMTS,10626,781DOWN2
DIMTS,1952,849STLDOWN
DIMTS,10627,992STLDWN
DIMTS,1200,33LINKSTLUP
DIMTS,1488,539UP
DIMTS,1063,136LSTLUP
DIMTS,377,956UP
DIMTS,1066,156DOWN
DIMTS,647,913UP
DIMTS,1571,883BLTDDOWN
DIMTS,1028,114ADOWN
DIMTS,639,703DOWN
DIMTS,390,261LNKSTLUP
DIMTS,1996,761DOWN
DIMTS,1347,540ACLDOWN
DIMTS,1373,128UP
DIMTS,2080,539AUP
DIMTS,10145,605UP
DIMTS,2112,172STLDOWN
DIMTS,1219,434STLUP
DIMTS,127,73LNKSTLUP
DIMTS,1073,307STLUP
DIMTS,1403,161STLUP
DIMTS,10628,SECRETARIATCIRCULARSERVICE
DIMTS,10629,RL-75STLDOWN
DIMTS,823,790AUP
DIMTS,472,334UP
DIMTS,183,419UP
DIMTS,2051,114CSTLUP
DIMTS,405,772ASTLDOWN
DIMTS,48,205LSTLDOWN
DIMTS,1265,917UP
DIMTS,10630,MC715UP
DIMTS,10631,954STLUP
DIMTS,10632,770ASTLUP2
DIMTS,10633,102ASTLUP
DIMTS,1297,784DOWN
DIMTS,1041,208LNKSTLUP
DIMTS,1424,539BDOWN
DIMTS,172,858DOWN
DIMTS,156,861ADOWN
DIMTS,529,578UP
DIMTS,10634,824STLUP2
DIMTS,1852,109STLDOWN
DIMTS,1045,989DOWN
DIMTS,10635,567BDOWN2
DIMTS,320,567BSTLUP
DIMTS,10636,136ADOWN
DIMTS,887,147LSTLUP
DIMTS,10637,741STLDWN
DIMTS,816,775EDOWN
DIMTS,78,728LNKSTLUP
DIMTS,1914,137ADOWN
DIMTS,10638,938BSTLDOWN
DIMTS,597,764UP
DIMTS,1670,721UP
DIMTS,655,260STLDOWN
DIMTS,1725,523DOWN
DIMTS,458,119LSTLDOWN
DIMTS,10639,588LSTLDOWN
DIMTS,326,147LSTLDOWN
DIMTS,171,872UP
DIMTS,1851,828ADOWN
DIMTS,235,886STLUP
DIMTS,1262,944STLDOWN
DIMTS,1776,307LNKSTLDOWN
DIMTS,768,962LSTLUP
DIMTS,121,883DOWN
DIMTS,312,523ADOWN
DIMTS,580,953LSTLDOWN
DIMTS,10153,375UP
DIMTS,554,893DOWN
DIMTS,10154,522ADOWN
DIMTS,1228,850STLDOWN
DIMTS,10640,885EUP
DIMTS,651,942DOWN
DIMTS,1168,129LSTLUP
DIMTS,10641,MC341UP
DIMTS,54,992UP
DIMTS,321,901CLUP
DIMTS,1832,194UP
DIMTS,219,926STLDOWN
DIMTS,10155,169UP
DIMTS,10156,490DOWN
DIMTS,2054,743BUP
DIMTS,10642,567AUP2
DIMTS,1786,359DOWN
DIMTS,745,221DOWN
DIMTS,10643,887AUP
DIMTS,258,274AUP
DIMTS,9,943LSTLUP
DIMTS,989,172LSTLUP
DIMTS,837,227ASTLDOWN
DIMTS,783,817LNKSTLUP
DIMTS,207,792AUP
DIMTS,1895,780UP
DIMTS,1944,712DOWN
DIMTS,1554,353STLUP
DIMTS,10644,715STLDOWN2
DIMTS,175,147DOWN
DIMTS,10157,DW-4UP
DIMTS,10645,939LSTLUP
DIMTS,1844,CUP 114.00
DIMTS,10646,863DOWN2
DIMTS,10647,108ADOWN
DIMTS,10648,724AUP2
DIMTS,2006,108UP
DIMTS,350,109ADOWN
DIMTS,348,826LINKSTLDOWN
DIMTS,1367,135UP
DIMTS,10649,PMS-CENTRALSECRETARIAT
DIMTS,10650,281STLUP
DIMTS,1092,729BDOWN
DIMTS,1307,740UP
DIMTS,656,391UP
DIMTS,1818,135DOWN
DIMTS,2,819STLDOWN
DIMTS,10651,188STLDOWN
DIMTS,1166,253DOWN
DIMTS,709,137UP
DIMTS,1594,165AUP
DIMTS,1754,172UP
DIMTS,1049,473CLUP
DIMTS,1584,236UP
DIMTS,37,103DOWN
DIMTS,10160,GL-91AUP
DIMTS,1750,836578LTDDOWN
DIMTS,387,113DOWN
DIMTS,1466,522CLDOWN
DIMTS,1040,989UP
DIMTS,673,148STLUP
DIMTS,1434,567BSTLDOWN
DIMTS,10652,934STLUP3
DIMTS,10653,829STLUP2
DIMTS,10161,921EXTDOWN
DIMTS,10163,47AUP
DIMTS,369,193STLUP
DIMTS,1934,833AUP
DIMTS,489,745STLDOWN
DIMTS,1639,929DOWN
DIMTS,1160,981STLDOWN
DIMTS,1888,RL-77DOWN
DIMTS,32,724DOWN
DIMTS,1607,980DOWN
DIMTS,669,161DOWN
DIMTS,1261,171DOWN
DIMTS,460,307LSTLDOWN
DIMTS,897,207DOWN
DIMTS,336,949UP
DIMTS,1651,217DOWN
DIMTS,379,706ADOWN
DIMTS,416,114AUP
DIMTS,10654,741DWN
DIMTS,2046,835UP
DIMTS,1470,219STLUP
DIMTS,1137,540ACLUP
DIMTS,10166,39UP
DIMTS,2108,876STLDOWN
DIMTS,10655,942AUP2
DIMTS,1121,981LNKSTLUP
DIMTS,10167,GL-91DOWN
DIMTS,161,567DOWN
DIMTS,10656,310STLUP
DIMTS,1687,966AUP
DIMTS,537,770ADOWN
DIMTS,903,340DOWN
DIMTS,10657,136LNKSTLUP
DIMTS,1143,505DOWN
DIMTS,10168,RL-77EXTDOWN
DIMTS,10658,114CSTLDWN
DIMTS,126,113UP
DIMTS,1825,102ADOWN
DIMTS,10659,801LINKSTLUP
DIMTS,1973,156UP
DIMTS,10660,794AUP2
DIMTS,10661,807BDOWN
DIMTS,10662,MC127UP
DIMTS,817,883EXTDOWN
DIMTS,1941,125EXTDOWN
DIMTS,10663,546STLDOWN
DIMTS,611,307STLDOWN
DIMTS,592,281DOWN
DIMTS,10664,RL-77EXTSTLUP
DIMTS,1314,728EUP
DIMTS,1847,73LNKSTLDOWN
DTC,10169,248UP
DTC,10170,248DOWN
DTC,10171,AIR-08UP
DTC,10172,AIR-08DOWN
DTC,10173,729BUP
DTC,10174,114SPLDOWN
DTC,10175,202DOWN
DTC,10176,03DOWN
DTC,10177,703DOWN
DTC,10178,53UP
DTC,10179,621AUP
DTC,10180,EXPRESS-611BDOWN
DTC,10181,BADARPURBORDERTOGURGAONUP
DTC,10182,745ADOWN
DTC,10183,206AUP
DTC,10184,NDRLYSTGNO-2TOBAHADURGARHUP
DTC,10185,907UP
DTC,10186,364DOWN
DTC,10187,529UP
DTC,10188,830EXTUP
DTC,10189,144ADOWN
DTC,10190,142UP
DTC,10191,206ADOWN
DTC,10192,EXPRESS-764BUP
DTC,10193,905DOWN
DTC,10194,121UP
DTC,10195,164DOWN
DTC,10196,267UP
DTC,10197,233DOWN
DTC,10198,991STLUP
DTC,10199,352UP
DTC,10200,61UP
DTC,10201,233STLDOWN
DTC,10202,DW-5DOWN
DTC,10203,931DOWN
DTC,10204,911UP
DTC,10205,114BSPLDOWN
DTC,10206,EXPRESS-764BDOWN
DTC,10207,203DOWN
DTC,10208,DW-1UP
DTC,10209,702DOWN
DTC,10210,351DOWN
DTC,10211,548STLUP
DTC,10212,126UP
DTC,10213,449DOWN
DTC,10214,DW-1DOWN
DTC,10215,145UP
DTC,10216,203UP
DTC,10217,718STLDOWN
DTC,10218,932UP
DTC,10219,840UP
DTC,10220,61DOWN
DTC,10221,821SPLUP
DTC,10222,480UP
DTC,10223,480DOWN
DTC,10224,S-1UP
DTC,10225,232DOWN
DTC,10226,544AUP
DTC,10227,129UP
DTC,10228,804DOWN
DTC,10229,418AUP
DTC,10230,930DOWN
DTC,10231,DW-4DOWN
DTC,10232,S-1DOWN
DTC,10233,703UP
DTC,10234,166SPLDOWN
DTC,10235,EXPRESS-764ADOWN
DTC,10236,950UP
DTC,10237,BAHADURGARHTONDRLYSTGNO-2DOWN
DTC,10238,865UP
DTC,10239,NARELATERMINALTOBAHADURGARHUP
DTC,10240,120EUP
DTC,10241,GURGAONTOBADARPURBORDERDOWN
DTC,10242,352DOWN
DTC,10243,783DOWN
DTC,10244,83DOWN
DTC,10245,202UP
DTC,10246,830EXTDOWN
DTC,10247,950DOWN
DTC,10248,53DOWN
DTC,10249,0543A(NS)DOWN
DTC,10250,610SPLDOWN
DTC,10251,544ADOWN
DTC,10252,UTTAMNAGAR(T)TOGURGAONUP
DTC,10253,974UP
DTC,10254,518DOWN
DTC,10255,962SPLDOWN
DTC,10256,873UP
DTC,10257,907DOWN
DTC,10258,134DOWN
DTC,10259,197UP
DTC,10260,702UP
DTC,10261,615AUP
DTC,10262,GURGAONTOUTTAMNAGAR(T)DOWN
DTC,10263,925UP
DTC,10264,336ADOWN
DTC,10265,567ASPLDOWN
DTC,10266,922UP
DTC,10267,267DOWN
DTC,10268,EXPRESS-442AUP
DTC,10269,114BSPLUP
DTC,10270,353DOWN
DTC,10271,865DOWN
DTC,10272,442ADOWN
DTC,10273,DW-3DOWN
DTC,10274,906UP
DTC,10275,940STLDOWN
DTC,10276,973UP
DTC,10277,962SPLUP
DTC,10278,03UP
DTC,10279,183DOWN
DTC,10280,992UP
DTC,10281,442AUP
DTC,10282,356DOWN
DTC,10283,318DOWN
DTC,10284,906DOWN
DTC,10285,167UP
DTC,10286,615ADOWN
DTC,10287,353UP
DTC,10288,129DOWN
DTC,10289,167DOWN
DTC,10290,971STLUP
DTC,10291,932DOWN
DTC,10292,92DOWN
DTC,10293,336AUP
DTC,10294,792DOWN
DTC,10295,934AUP
DTC,10296,931UP
DTC,10297,821SPLDOWN
DTC,10298,804UP
DTC,10299,716UP
DTC,10300,449UP
DTC,10301,183UP
DTC,10302,114SPLUP
DTC,10303,356UP
DTC,10304,610SPLUP
DTC,10305,940STLUP
DTC,10306,117UP
DTC,10307,364UP
DTC,10308,922DOWN
DTC,10309,208DOWN
DTC,10310,39STLDOWN
DTC,10311,232UP
DTC,10312,971STLDOWN
DTC,10313,934ADOWN
DTC,10314,39STLUP
DTC,10315,144AUP
DTC,10316,445AUP
DTC,10317,AIRPORTEXP-4UP
DTC,10318,92UP
DTC,10319,134UP
DTC,10320,793DOWN
DTC,10321,548STLDOWN
DTC,10322,723UP
DTC,10323,208UP
DTC,10324,745AUP
DTC,10325,546DOWN
DTC,10326,197DOWN
DTC,10327,840DOWN
DTC,10328,974DOWN
DTC,10329,147DOWN
DTC,10330,EXPRESS-442CUP
DTC,10331,121DOWN
DTC,10332,BAHADURGARHTOKARAMPURATERMINALDOWN
DTC,10333,718STLUP
DTC,10334,158UP
DTC,10335,351UP
DTC,10336,546UP
DTC,10337,772UP
DTC,10338,83UP
DTC,10339,316UP
DTC,10340,793UP
DTC,10341,968UP
DTC,10342,567ASPLUP
DTC,10343,DW-5UP
DTC,10344,142DOWN
DTC,10345,EXPRESS-764AUP
DTC,10346,518UP
DTC,10347,772DOWN
DTC,10348,120EDOWN
DTC,10349,522ASPLDOWN
DTC,10350,905UP
DTC,10351,621ADOWN
DTC,10352,241DOWN
DTC,10353,233STLUP
DTC,10354,158DOWN
DTC,10355,925DOWN
DTC,10356,318UP
DTC,10357,GURGAONTOKAROLBAGHDOWN
DTC,10358,522ASPLUP
DTC,10359,911DOWN
DTC,10360,GURGAONTOANANDVIHARISBTDOWN
DTC,10361,792UP
DTC,10362,605SPLDOWN
DTC,10363,DW-4UP
DTC,10364,316DOWN
DTC,10365,418ADOWN
DTC,10366,164UP
DTC,10367,723DOWN
DTC,10368,ANANDVIHARISBTTOGURGAONUP
DTC,10369,EXPRESS-611BUP
DTC,10370,241UP
DTC,10371,AIRPORTEXP-4DOWN
DTC,10372,147UP
DTC,10373,117DOWN
DTC,10374,930UP
DTC,10375,145DOWN
DTC,10376,DW-3UP
DTC,10377,KARAMPURATERMINALTOBAHADURGARHUP
DTC,10378,BAHADURGARHTONARELATERMINALDOWN
DTC,10379,445ADOWN
DTC,10380,873DOWN
DTC,10381,991STLDOWN
DTC,10382,973DOWN
DTC,10383,716DOWN
DTC,10384,233UP
DTC,10385,126DOWN
DTC,10665,208AUP
DTC,10666,244DOWN
DTC,10667,243UP
DTC,10668,243DOWN
DTC,5000,8UP
DTC,5001,8AUP
DTC,5002,17UP
DTC,5003,19UP
DTC,5004,19AUP
DTC,5005,19BUP
DTC,5006,26UP
DTC,5007,33UP
DTC,5008,33AUP
DTC,5009,CUP 33.00
DTC,5010,34UP
DTC,5011,34AUP
DTC,5012,39UP
DTC,5013,39AUP
DTC,5014,47AUP
DTC,5015,73UP
DTC,5016,78UP
DTC,5017,82UP
DTC,5018,85UP
DTC,5019,85EXTUP
DTC,5020,88UP
DTC,5021,89UP
DTC,5022,100EXTUP
DTC,5023,100AUP
DTC,5024,103UP
DTC,5025,103STLUP
DTC,5026,105UP
DTC,5027,106UP
DTC,5028,106AUP
DTC,5029,107UP
DTC,5030,108UP
DTC,5031,109UP
DTC,5032,112UP
DTC,5033,113UP
DTC,5034,113EXTUP
DTC,5035,114UP
DTC,5036,114AUP
DTC,5037,114BUP
DTC,5038,114EXTUP
DTC,5039,115UP
DTC,5040,116UP
DTC,5041,116BUP
DTC,5042,118EXTUP
DTC,5043,119UP
DTC,5044,120UP
DTC,5045,120BUP
DTC,5046,124UP
DTC,5047,125UP
DTC,5048,127UP
DTC,5049,128UP
DTC,5050,130UP
DTC,5051,131UP
DTC,5052,133UP
DTC,5053,135UP
DTC,5054,136UP
DTC,5055,137UP
DTC,5056,138UP
DTC,5057,140UP
DTC,5058,144UP
DTC,5059,146UP
DTC,5060,148UP
DTC,5061,149UP
DTC,5062,154UP
DTC,5063,157UP
DTC,5064,159UP
DTC,5065,160UP
DTC,5066,162UP
DTC,5067,163UP
DTC,5068,165UP
DTC,5069,165AUP
DTC,5070,166UP
DTC,5071,169UP
DTC,5072,171UP
DTC,5073,172UP
DTC,5074,173UP
DTC,5075,174UP
DTC,5076,174STLUP
DTC,5077,175UP
DTC,5078,178UP
DTC,5079,179UP
DTC,5080,181UP
DTC,5081,181AUP
DTC,5082,182AUP
DTC,5083,184UP
DTC,5084,185UP
DTC,5085,188UP
DTC,5086,191UP
DTC,5087,192UP
DTC,5088,193UP
DTC,5089,194UP
DTC,5090,199UP
DTC,5091,205UP
DTC,5092,210UP
DTC,5093,211UP
DTC,5094,211AUP
DTC,5095,211BUP
DTC,5096,212UP
DTC,5097,213UP
DTC,5098,213AUP
DTC,5099,214UP
DTC,5100,218UP
DTC,5101,219UP
DTC,5102,219STLUP
DTC,5103,221UP
DTC,5104,227UP
DTC,5105,227AUP
DTC,5106,231UP
DTC,5107,234UP
DTC,5108,234AUP
DTC,5109,235UP
DTC,5110,236UP
DTC,5111,236EXTUP
DTC,5112,246UP
DTC,5113,247UP
DTC,5114,253UP
DTC,5115,254UP
DTC,5116,255UP
DTC,5117,258UP
DTC,5118,258SPLUP
DTC,5119,259UP
DTC,5120,261UP
DTC,5121,270UP
DTC,5122,271UP
DTC,5123,273UP
DTC,5124,274UP
DTC,5125,281UP
DTC,5126,306UP
DTC,5127,307UP
DTC,5128,307AUP
DTC,5129,309UP
DTC,5130,310UP
DTC,5131,313UP
DTC,5132,317UP
DTC,5133,319UP
DTC,5134,319AUP
DTC,5135,323UP
DTC,5136,333UP
DTC,5137,335UP
DTC,5138,336UP
DTC,5139,340UP
DTC,5140,341UP
DTC,5141,344UP
DTC,5142,347UP
DTC,5143,347AUP
DTC,5144,348UP
DTC,5145,349UP
DTC,5146,349AUP
DTC,5147,355UP
DTC,5148,357AUP
DTC,5149,374UP
DTC,5150,375UP
DTC,5151,378UP
DTC,5152,390UP
DTC,5153,391UP
DTC,5154,392UP
DTC,5155,392BUP
DTC,5156,398UP
DTC,5157,400UP
DTC,5158,402UP
DTC,5159,403UP
DTC,5160,405UP
DTC,5161,405AUP
DTC,5162,408UP
DTC,5163,410UP
DTC,5164,411UP
DTC,5165,413UP
DTC,5166,419UP
DTC,5167,423UP
DTC,5168,425UP
DTC,5169,427UP
DTC,5170,427AUP
DTC,5171,429UP
DTC,5172,433UP
DTC,5173,433AUP
DTC,5174,440UP
DTC,5175,440AUP
DTC,5176,442UP
DTC,5177,443UP
DTC,5178,443AUP
DTC,5179,445UP
DTC,5180,447UP
DTC,5181,448UP
DTC,5182,448AUP
DTC,5183,448BUP
DTC,5184,450UP
DTC,5185,460UP
DTC,5186,463UP
DTC,5187,465UP
DTC,5188,469UP
DTC,5189,473UP
DTC,5190,473AUP
DTC,5191,479UP
DTC,5192,490UP
DTC,5193,492UP
DTC,5194,493UP
DTC,5195,500UP
DTC,5196,501UP
DTC,5197,502UP
DTC,5198,503UP
DTC,5199,505UP
DTC,5200,506UP
DTC,5201,506STLUP
DTC,5202,507UP
DTC,5203,511UP
DTC,5204,511AUP
DTC,5205,512UP
DTC,5206,516UP
DTC,5207,517UP
DTC,5208,519UP
DTC,5209,520UP
DTC,5210,521UP
DTC,5211,522UP
DTC,5212,522SPLUP
DTC,5213,522AUP
DTC,5214,522ASPL.UP
DTC,5215,523UP
DTC,5216,525UP
DTC,5217,525STLUP
DTC,5218,529SPLUP
DTC,5219,534UP
DTC,5220,534AUP
DTC,5221,CUP 534.00
DTC,5222,536UP
DTC,5223,539UP
DTC,5224,539AUP
DTC,5225,539KUP
DTC,5226,540UP
DTC,5227,542UP
DTC,5228,543UP
DTC,5229,543AUP
DTC,5230,544UP
DTC,5231,548UP
DTC,5232,567UP
DTC,5233,567AUP
DTC,5234,568UP
DTC,5235,568AUP
DTC,5236,569UP
DTC,5237,569EXTUP
DTC,5238,578UP
DTC,5239,578AUP
DTC,5240,580UP
DTC,5241,588UP
DTC,5242,588AUP
DTC,5243,604UP
DTC,5244,605UP
DTC,5245,610UP
DTC,5246,610AUP
DTC,5247,610BUP
DTC,5248,611UP
DTC,5249,611AUP
DTC,5250,CUP 611.00
DTC,5251,615UP
DTC,5252,620UP
DTC,5253,621UP
DTC,5254,623UP
DTC,5255,623AUP
DTC,5256,623BUP
DTC,5257,624AUP
DTC,5258,630UP
DTC,5259,631UP
DTC,5260,632UP
DTC,5261,680UP
DTC,5262,701UP
DTC,5263,708UP
DTC,5264,708AUP
DTC,5265,711UP
DTC,5266,711AUP
DTC,5267,715UP
DTC,5268,717UP
DTC,5269,717AUP
DTC,5270,717BUP
DTC,5271,718UP
DTC,5272,720UP
DTC,5273,721UP
DTC,5274,722UP
DTC,5275,724UP
DTC,5276,724AUP
DTC,5277,CUP 724.00
DTC,5278,724EXTUP
DTC,5279,725UP
DTC,5280,727UP
DTC,5281,728UP
DTC,5282,729UP
DTC,5283,740UP
DTC,5284,740AUP
DTC,5285,740EXTUP
DTC,5286,740BUP
DTC,5287,741UP
DTC,5288,741AUP
DTC,5289,745UP
DTC,5290,753UP
DTC,5291,761UP
DTC,5292,764UP
DTC,5293,764EXTUP
DTC,5294,765UP
DTC,5295,770AUP
DTC,5296,770BUP
DTC,5297,773UP
DTC,5298,778UP
DTC,5299,778AUP
DTC,5300,781UP
DTC,5301,790UP
DTC,5302,794UP
DTC,5303,794AUP
DTC,5304,801UP
DTC,5305,803UP
DTC,5306,804AUP
DTC,5307,808UP
DTC,5308,809UP
DTC,5309,810UP
DTC,5310,813UP
DTC,5311,816UP
DTC,5312,816AUP
DTC,5313,817UP
DTC,5314,818UP
DTC,5315,819UP
DTC,5316,820UP
DTC,5317,821UP
DTC,5318,825UP
DTC,5319,825AUP
DTC,5320,826UP
DTC,5321,827UP
DTC,5322,828UP
DTC,5323,828AUP
DTC,5324,829UP
DTC,5325,832UP
DTC,5326,835UP
DTC,5327,838UP
DTC,5328,842UP
DTC,5329,844UP
DTC,5330,845UP
DTC,5331,848UP
DTC,5332,849UP
DTC,5333,853UP
DTC,5334,857UP
DTC,5335,861AUP
DTC,5336,863UP
DTC,5337,864UP
DTC,5338,871UP
DTC,5339,872UP
DTC,5340,876UP
DTC,5341,878UP
DTC,5342,879UP
DTC,5343,879AUP
DTC,5344,879BUP
DTC,5345,882UP
DTC,5346,882AUP
DTC,5347,883UP
DTC,5348,887UP
DTC,5349,889UP
DTC,5350,891UP
DTC,5351,894UP
DTC,5352,901UP
DTC,5353,908UP
DTC,5354,910UP
DTC,5355,910AUP
DTC,5356,912UP
DTC,5357,915UP
DTC,5358,917UP
DTC,5359,918UP
DTC,5360,921UP
DTC,5361,921EXTUP
DTC,5362,923UP
DTC,5363,924UP
DTC,5364,926UP
DTC,5365,928UP
DTC,5366,929UP
DTC,5367,934UP
DTC,5368,935UP
DTC,5369,937AUP
DTC,5370,938AUP
DTC,5371,938BUP
DTC,5372,939UP
DTC,5373,940UP
DTC,5374,940AUP
DTC,5375,941UP
DTC,5376,943UP
DTC,5377,944UP
DTC,5378,947UP
DTC,5379,947AUP
DTC,5380,948UP
DTC,5381,949UP
DTC,5382,949AUP
DTC,5383,949EXTUP
DTC,5384,951UP
DTC,5385,953UP
DTC,5386,954UP
DTC,5387,957UP
DTC,5388,957AUP
DTC,5389,962UP
DTC,5390,962AUP
DTC,5391,962BUP
DTC,5392,963UP
DTC,5393,966UP
DTC,5394,966EXTUP
DTC,5395,966BUP
DTC,5396,970UP
DTC,5397,970AUP
DTC,5398,970BUP
DTC,5399,CUP 970.00
DTC,5400,971UP
DTC,5401,971AUP
DTC,5402,972UP
DTC,5403,972AUP
DTC,5404,972BUP
DTC,5405,975UP
DTC,5406,978UP
DTC,5407,979UP
DTC,5408,980UP
DTC,5409,982UP
DTC,5410,984AUP
DTC,5411,985UP
DTC,5412,988UP
DTC,5413,990UP
DTC,5414,990AUP
DTC,5415,990BUP
DTC,5416,990EXTUP
DTC,5417,GL-22UP
DTC,5418,GL-23UP
DTC,5419,GL-90UP
DTC,5420,GL-91UP
DTC,5421,RL-75UP
DTC,5422,RL-77UP
DTC,5423,RL-77AUP
DTC,5424,RL-77BUP
DTC,5425,RL-77EXTUP
DTC,5426,RL-79UP
DTC,5427,YMS(+)UP
DTC,5428,OMS(+)UP
DTC,5429,TMS(+)UP
DTC,5430,WESTDELHIMUDRIKA(+)UP
DTC,5431,GRAMINMUDRIKA(+)UP
DTC,5432,BAWANACIRCULARSEWA(+)UP
DTC,5433,BYPASSEXPRESSUP
DTC,5434,AIRPORTEXP.-4UP
DTC,5435,AIRPORTSHUTTLESERVICEUP
DTC,5436,012(NS)UP
DTC,5437,044(NS)UP
DTC,5438,072(NS)UP
DTC,5439,0114(NS)UP
DTC,5440,0118EXT(NS)UP
DTC,5441,0131(NS)UP
DTC,5442,0205(NS)UP
DTC,5443,0236(NS)UP
DTC,5444,0261(NS)UP
DTC,5445,0405(NS)UP
DTC,5446,0419(NS)UP
DTC,5447,0502(NS)UP
DTC,5448,0543A(NS)UP
DTC,5449,0604(NS)UP
DTC,5450,0729(NS)UP
DTC,5451,0740(NS)UP
DTC,5452,0753(NS)UP
DTC,5453,0901(NS)UP
DTC,5454,0926(NS)UP
DTC,5455,0929(NS)UP
DTC,5456,0943(NS)UP
DTC,5457,0GL-23(NS)UP
DTC,5458,0OMS(+)(NS)UP
DTC,5459,0TMS(+)(NS)UP
DTC,5460,0AIRPORTEXP-4(NS)UP
DTC,5461,EXPRESS-344UP
DTC,5462,EXPRESS-970UP
DTC,5463,EXPRESS-727AUP
DTC,5464,EXPRESS-85AUP
DTC,5465,EXPRESS-91UP
DTC,5466,8DOWN
DTC,5467,8ADOWN
DTC,5468,17DOWN
DTC,5469,19DOWN
DTC,5470,19ADOWN
DTC,5471,19BDOWN
DTC,5472,26DOWN
DTC,5473,33DOWN
DTC,5474,33ADOWN
DTC,5475,33CDOWN
DTC,5476,34DOWN
DTC,5477,34ADOWN
DTC,5478,39DOWN
DTC,5479,39ADOWN
DTC,5480,47ADOWN
DTC,5481,73DOWN
DTC,5482,78DOWN
DTC,5483,82DOWN
DTC,5484,85DOWN
DTC,5485,85EXTDOWN
DTC,5486,88DOWN
DTC,5487,89DOWN
DTC,5488,100EXTDOWN
DTC,5489,100ADOWN
DTC,5490,103DOWN
DTC,5491,103STLDOWN
DTC,5492,105DOWN
DTC,5493,106DOWN
DTC,5494,106ADOWN
DTC,5495,107DOWN
DTC,5496,108DOWN
DTC,5497,109DOWN
DTC,5498,112DOWN
DTC,5499,113DOWN
DTC,5500,113EXTDOWN
DTC,5501,114DOWN
DTC,5502,114ADOWN
DTC,5503,114BDOWN
DTC,5504,114EXTDOWN
DTC,5505,115DOWN
DTC,5506,116DOWN
DTC,5507,116BDOWN
DTC,5508,118EXTDOWN
DTC,5509,119DOWN
DTC,5510,120DOWN
DTC,5511,120BDOWN
DTC,5512,124DOWN
DTC,5513,125DOWN
DTC,5514,127DOWN
DTC,5515,128DOWN
DTC,5516,130DOWN
DTC,5517,131DOWN
DTC,5518,133DOWN
DTC,5519,135DOWN
DTC,5520,136DOWN
DTC,5521,137DOWN
DTC,5522,138DOWN
DTC,5523,140DOWN
DTC,5524,144DOWN
DTC,5525,146DOWN
DTC,5526,148DOWN
DTC,5527,149DOWN
DTC,5528,154DOWN
DTC,5529,157DOWN
DTC,5530,159DOWN
DTC,5531,160DOWN
DTC,5532,162DOWN
DTC,5533,163DOWN
DTC,5534,165DOWN
DTC,5535,165ADOWN
DTC,5536,166DOWN
DTC,5537,169DOWN
DTC,5538,171DOWN
DTC,5539,172DOWN
DTC,5540,173DOWN
DTC,5541,174DOWN
DTC,5542,174STLDOWN
DTC,5543,175DOWN
DTC,5544,178DOWN
DTC,5545,179DOWN
DTC,5546,181DOWN
DTC,5547,181ADOWN
DTC,5548,182ADOWN
DTC,5549,184DOWN
DTC,5550,185DOWN
DTC,5551,188DOWN
DTC,5552,191DOWN
DTC,5553,192DOWN
DTC,5554,193DOWN
DTC,5555,194DOWN
DTC,5556,199DOWN
DTC,5557,205DOWN
DTC,5558,210DOWN
DTC,5559,211DOWN
DTC,5560,211ADOWN
DTC,5561,211BDOWN
DTC,5562,212DOWN
DTC,5563,213DOWN
DTC,5564,213ADOWN
DTC,5565,214DOWN
DTC,5566,216DOWN
DTC,5567,218DOWN
DTC,5568,219DOWN
DTC,5569,219STLDOWN
DTC,5570,221DOWN
DTC,5571,227DOWN
DTC,5572,227ADOWN
DTC,5573,231DOWN
DTC,5574,234DOWN
DTC,5575,234ADOWN
DTC,5576,235DOWN
DTC,5577,236DOWN
DTC,5578,236EXTDOWN
DTC,5579,246DOWN
DTC,5580,247DOWN
DTC,5581,253DOWN
DTC,5582,254DOWN
DTC,5583,255DOWN
DTC,5584,258DOWN
DTC,5585,258SPLDOWN
DTC,5586,259DOWN
DTC,5587,261DOWN
DTC,5588,270DOWN
DTC,5589,271DOWN
DTC,5590,273DOWN
DTC,5591,274DOWN
DTC,5592,281DOWN
DTC,5593,306DOWN
DTC,5594,307DOWN
DTC,5595,307ADOWN
DTC,5596,309DOWN
DTC,5597,310DOWN
DTC,5598,313DOWN
DTC,5599,317DOWN
DTC,5600,319DOWN
DTC,5601,319ADOWN
DTC,5602,323DOWN
DTC,5603,333DOWN
DTC,5604,335DOWN
DTC,5605,336DOWN
DTC,5606,340DOWN
DTC,5607,341DOWN
DTC,5608,344DOWN
DTC,5609,347DOWN
DTC,5610,347ADOWN
DTC,5611,348DOWN
DTC,5612,349DOWN
DTC,5613,349ADOWN
DTC,5614,355DOWN
DTC,5615,357ADOWN
DTC,5616,374DOWN
DTC,5617,375DOWN
DTC,5618,378DOWN
DTC,5619,390DOWN
DTC,5620,391DOWN
DTC,5621,392DOWN
DTC,5622,392BDOWN
DTC,5623,398DOWN
DTC,5624,400DOWN
DTC,5625,402DOWN
DTC,5626,403DOWN
DTC,5627,405DOWN
DTC,5628,405ADOWN
DTC,5629,408DOWN
DTC,5630,410DOWN
DTC,5631,411DOWN
DTC,5632,413DOWN
DTC,5633,419DOWN
DTC,5634,423DOWN
DTC,5635,425DOWN
DTC,5636,427DOWN
DTC,5637,427ADOWN
DTC,5638,429DOWN
DTC,5639,433DOWN
DTC,5640,433ADOWN
DTC,5641,440DOWN
DTC,5642,440ADOWN
DTC,5643,442DOWN
DTC,5644,443DOWN
DTC,5645,443ADOWN
DTC,5646,445DOWN
DTC,5647,447DOWN
DTC,5648,448DOWN
DTC,5649,448ADOWN
DTC,5650,448BDOWN
DTC,5651,450DOWN
DTC,5652,460DOWN
DTC,5653,463DOWN
DTC,5654,465DOWN
DTC,5655,469DOWN
DTC,5656,473DOWN
DTC,5657,473ADOWN
DTC,5658,479DOWN
DTC,5659,490DOWN
DTC,5660,492DOWN
DTC,5661,493DOWN
DTC,5662,500DOWN
DTC,5663,501DOWN
DTC,5664,502DOWN
DTC,5665,503DOWN
DTC,5666,505DOWN
DTC,5667,506DOWN
DTC,5668,506STLDOWN
DTC,5669,507DOWN
DTC,5670,511DOWN
DTC,5671,511ADOWN
DTC,5672,512DOWN
DTC,5673,516DOWN
DTC,5674,517DOWN
DTC,5675,519DOWN
DTC,5676,520DOWN
DTC,5677,521DOWN
DTC,5678,522DOWN
DTC,5679,522SPLDOWN
DTC,5680,522ADOWN
DTC,5681,522ASPL.DOWN
DTC,5682,523DOWN
DTC,5683,525DOWN
DTC,5684,525STLDOWN
DTC,5685,529SPLDOWN
DTC,5686,534DOWN
DTC,5687,534ADOWN
DTC,5688,534CDOWN
DTC,5689,536DOWN
DTC,5690,539DOWN
DTC,5691,539ADOWN
DTC,5692,539KDOWN
DTC,5693,540DOWN
DTC,5694,542DOWN
DTC,5695,543DOWN
DTC,5696,543ADOWN
DTC,5697,544DOWN
DTC,5698,548DOWN
DTC,5699,567DOWN
DTC,5700,567ADOWN
DTC,5701,568DOWN
DTC,5702,568ADOWN
DTC,5703,569DOWN
DTC,5704,569EXTDOWN
DTC,5705,578DOWN
DTC,5706,578ADOWN
DTC,5707,580DOWN
DTC,5708,588DOWN
DTC,5709,588ADOWN
DTC,5710,604DOWN
DTC,5711,605DOWN
DTC,5712,610DOWN
DTC,5713,610ADOWN
DTC,5714,610BDOWN
DTC,5715,611DOWN
DTC,5716,611ADOWN
DTC,5717,611CDOWN
DTC,5718,615DOWN
DTC,5719,620DOWN
DTC,5720,621DOWN
DTC,5721,623DOWN
DTC,5722,623ADOWN
DTC,5723,623BDOWN
DTC,5724,624ADOWN
DTC,5725,630DOWN
DTC,5726,631DOWN
DTC,5727,632DOWN
DTC,5728,680DOWN
DTC,5729,701DOWN
DTC,5730,708DOWN
DTC,5731,708ADOWN
DTC,5732,711DOWN
DTC,5733,711ADOWN
DTC,5734,715DOWN
DTC,5735,717DOWN
DTC,5736,717ADOWN
DTC,5737,717BDOWN
DTC,5738,718DOWN
DTC,5739,720DOWN
DTC,5740,721DOWN
DTC,5741,722DOWN
DTC,5742,724DOWN
DTC,5743,724ADOWN
DTC,5744,724CDOWN
DTC,5745,724EXTDOWN
DTC,5746,725DOWN
DTC,5747,727DOWN
DTC,5748,728DOWN
DTC,5749,729DOWN
DTC,5750,740DOWN
DTC,5751,740ADOWN
DTC,5752,740EXTDOWN
DTC,5753,740BDOWN
DTC,5754,741DOWN
DTC,5755,741ADOWN
DTC,5756,745DOWN
DTC,5757,753DOWN
DTC,5758,761DOWN
DTC,5759,764DOWN
DTC,5760,764EXTDOWN
DTC,5761,765DOWN
DTC,5762,770ADOWN
DTC,5763,770BDOWN
DTC,5764,773DOWN
DTC,5765,778DOWN
DTC,5766,778ADOWN
DTC,5767,781DOWN
DTC,5768,790DOWN
DTC,5769,794DOWN
DTC,5770,794ADOWN
DTC,5771,801DOWN
DTC,5772,803DOWN
DTC,5773,804ADOWN
DTC,5774,808DOWN
DTC,5775,809DOWN
DTC,5776,810DOWN
DTC,5777,813DOWN
DTC,5778,816DOWN
DTC,5779,816ADOWN
DTC,5780,817DOWN
DTC,5781,818DOWN
DTC,5782,819DOWN
DTC,5783,820DOWN
DTC,5784,821DOWN
DTC,5785,825DOWN
DTC,5786,825ADOWN
DTC,5787,826DOWN
DTC,5788,827DOWN
DTC,5789,828DOWN
DTC,5790,828ADOWN
DTC,5791,829DOWN
DTC,5792,832DOWN
DTC,5793,835DOWN
DTC,5794,838DOWN
DTC,5795,842DOWN
DTC,5796,844DOWN
DTC,5797,845DOWN
DTC,5798,848DOWN
DTC,5799,849DOWN
DTC,5800,853DOWN
DTC,5801,857DOWN
DTC,5802,861ADOWN
DTC,5803,863DOWN
DTC,5804,864DOWN
DTC,5805,871DOWN
DTC,5806,872DOWN
DTC,5807,876DOWN
DTC,5808,878DOWN
DTC,5809,879DOWN
DTC,5810,879ADOWN
DTC,5811,879BDOWN
DTC,5812,882DOWN
DTC,5813,882ADOWN
DTC,5814,883DOWN
DTC,5815,887DOWN
DTC,5816,889DOWN
DTC,5817,891DOWN
DTC,5818,894DOWN
DTC,5819,901DOWN
DTC,5820,908DOWN
DTC,5821,910DOWN
DTC,5822,910ADOWN
DTC,5823,912DOWN
DTC,5824,915DOWN
DTC,5825,917DOWN
DTC,5826,918DOWN
DTC,5827,921DOWN
DTC,5828,921EXTDOWN
DTC,5829,923DOWN
DTC,5830,924DOWN
DTC,5831,926DOWN
DTC,5832,928DOWN
DTC,5833,929DOWN
DTC,5834,934DOWN
DTC,5835,935DOWN
DTC,5836,937ADOWN
DTC,5837,938ADOWN
DTC,5838,938BDOWN
DTC,5839,939DOWN
DTC,5840,940DOWN
DTC,5841,940ADOWN
DTC,5842,941DOWN
DTC,5843,943DOWN
DTC,5844,944DOWN
DTC,5845,947DOWN
DTC,5846,947ADOWN
DTC,5847,948DOWN
DTC,5848,949DOWN
DTC,5849,949ADOWN
DTC,5850,949EXTDOWN
DTC,5851,951DOWN
DTC,5852,953DOWN
DTC,5853,954DOWN
DTC,5854,957DOWN
DTC,5855,957ADOWN
DTC,5856,962DOWN
DTC,5857,962ADOWN
DTC,5858,962BDOWN
DTC,5859,963DOWN
DTC,5860,966DOWN
DTC,5861,966EXTDOWN
DTC,5862,966BDOWN
DTC,5863,970DOWN
DTC,5864,970ADOWN
DTC,5865,970BDOWN
DTC,5866,970CDOWN
DTC,5867,971DOWN
DTC,5868,971ADOWN
DTC,5869,972DOWN
DTC,5870,972ADOWN
DTC,5871,972BDOWN
DTC,5872,975DOWN
DTC,5873,978DOWN
DTC,5874,979DOWN
DTC,5875,980DOWN
DTC,5876,982DOWN
DTC,5877,984ADOWN
DTC,5878,985DOWN
DTC,5879,988DOWN
DTC,5880,990DOWN
DTC,5881,990ADOWN
DTC,5882,990BDOWN
DTC,5883,990EXTDOWN
DTC,5884,GL-22DOWN
DTC,5885,GL-23DOWN
DTC,5886,GL-90DOWN
DTC,5887,GL-91DOWN
DTC,5888,RL-75DOWN
DTC,5889,RL-77DOWN
DTC,5890,RL-77ADOWN
DTC,5891,RL-77BDOWN
DTC,5892,RL-77EXTDOWN
DTC,5893,RL-79DOWN
DTC,5894,YMS(-)DOWN
DTC,5895,OMS(-)DOWN
DTC,5896,TMS(-)DOWN
DTC,5897,WESTDELHIMUDRIKA(-)DOWN
DTC,5898,GRAMINMUDRIKA(-)DOWN
DTC,5899,BAWANACIRCULARSEWA(-)DOWN
DTC,5900,BYPASSEXPRESSDOWN
DTC,5901,AIRPORTEXP.-4DOWN
DTC,5902,AIRPORTSHUTTLESERVICEDOWN
DTC,5903,0205(NS)DOWN
DTC,5904,0236(NS)DOWN
DTC,5905,0261(NS)DOWN
DTC,5906,0405(NS)DOWN
DTC,5907,0419(NS)DOWN
DTC,5908,0502(NS)DOWN
DTC,5909,0604(NS)DOWN
DTC,5910,0729(NS)DOWN
DTC,5911,0740(NS)DOWN
DTC,5912,0753(NS)DOWN
DTC,5913,0901(NS)DOWN
DTC,5914,0926(NS)DOWN
DTC,5915,0929(NS)DOWN
DTC,5916,0943(NS)DOWN
DTC,5917,0GL-23(NS)DOWN
DTC,5918,0OMS(-)(NS)DOWN
DTC,5919,0TMS(-)(NS)DOWN
DTC,5920,0AIRPORTEXP-4(NS)DOWN
DTC,5921,EXPRESS-344DOWN
DTC,5922,EXPRESS-727ADOWN
DTC,5923,EXPRESS-91DOWN
DTC,5924,KAROLBAGHTOGURGAONUP
DTC,5925,KAROLBAGHTOGURGAONDOWN
DTC,5926,991UP
DTC,5927,991DOWN
DTC,5928,ANANDVIHARISBT-GURGAONUP
DTC,5929,ANANDVIHARISBT-GURGAONDOWN
DTC,5930,451AUP
DTC,5931,451ADOWN
DTC,5932,409STLUP
DTC,5933,409STLDOWN
DTC,5934,465AUP
DTC,5935,465ADOWN
DTC,5936,KPTTOBGARHUP
DTC,5937,KPTTOBGARHDOWN
DTC,5938,UTTAMNAGAR(T)TOGGNUP
DTC,5939,NDRLYSTG-2TOBGUP
DTC,5940,BADARPURBORDER-GURGAONUP
DTC,5941,NTTOBGARHUP
DTC,5942,NTTOBGARHDOWN
DTC,5943,NDRLYSTG-2TOBGDOWN
DTC,5944,UTTAMNAGAR(T)TOGNDOWN
DTC,5945,BADARPURBORDER-GURGAONDOWN
DTC,5946,836UP
DTC,5947,836DOWN
DTC,5948,886UP
DTC,5949,886DOWN
DTC,5950,CBD3(+)UP
DTC,5951,428DOWN
DTC,5952,CBD1(-)DOWN
DTC,5953,DW1UP
DTC,5954,919UP
DTC,5955,AIR-05DOWN
DTC,5956,946UP
DTC,5957,CBD3(-)DOWN
DTC,5958,AIRPORTEXP08DOWN
DTC,5959,DW4DOWN
DTC,5960,752DOWN
DTC,5961,892UP
DTC,5962,334UP
DTC,5963,CBD2(+)UP
DTC,5964,945DOWN
DTC,5965,334DOWN
DTC,5966,817NDOWN
DTC,5967,S1DOWN
DTC,5968,AIR-06UP
DTC,5969,434UP
DTC,5970,817NUP
DTC,5971,428UP
DTC,5972,215UP
DTC,5973,752UP
DTC,5974,229UP
DTC,5975,DW2DOWN
DTC,5976,DW4UP
DTC,5977,DW1DOWN
DTC,5978,AIR-05UP
DTC,5979,DW2UP
DTC,5980,DW5UP
DTC,5981,424DOWN
DTC,5982,892DOWN
DTC,5983,424UP
DTC,5984,229DOWN
DTC,5985,354DOWN
DTC,5986,DW5DOWN
DTC,5987,434DOWN
DTC,5988,CUP 114.00
DTC,5989,AIR-06DOWN
DTC,5990,S1UP
DTC,5991,215DOWN
DTC,5992,CBD1(+)UP
DTC,5993,919DOWN
DTC,5994,CBD2(-)DOWN
DTC,5995,945UP
DTC,5996,DW3UP
DTC,5997,DW3DOWN
DTC,5998,AIRPORTEXP08UP
DTC,5999,114CDOWN
DTC,6000,354UP
DTC,6001,946DOWN
DTC,10669,208ADOWN
DTC,10670,244UP